INSERT INTO bd.cliente VALUES('Joao','001','(00)0000-0000','rua A numero 0');
INSERT INTO bd.cliente VALUES('Pedro','002','(11)1111-1111','rua B numero 4');
INSERT INTO bd.cliente VALUES('Jose','003','(22)2222-2222','rua C numero 100');
INSERT INTO bd.cliente VALUES('Debora','004','(33)3333-3333','rua D numero 44');
INSERT INTO bd.cliente VALUES('Julia','005','(44)4444-4444','rua E numero 5');
INSERT INTO bd.cliente VALUES('Paulo','006','(55)5555-5555','rua F numero 10');
INSERT INTO bd.cliente VALUES('Paula','007','(55)5555-5555','rua F numero 10');
INSERT INTO bd.cliente VALUES('Maria','008','(55)5555-5555','rua F numero 10');
INSERT INTO bd.cliente VALUES('Joaquina','009','(55)5555-5555','rua F numero 10');
INSERT INTO bd.cliente VALUES('Daniel','010','(55)5555-5555','rua F numero 10');
INSERT INTO bd.cliente VALUES('Leonarda','011','(55)5555-5555','rua F numero 10');
INSERT INTO bd.cliente VALUES('Jodeline','012','(55)5555-5555','rua F numero 10');
INSERT INTO bd.cliente VALUES('Leandro','013','(55)5555-5555','rua F numero 10');
INSERT INTO bd.cliente VALUES('Juliano','014','(55)5555-5555','rua F numero 10');
INSERT INTO bd.cliente VALUES('Katia','015','(55)5555-5555','rua F numero 10');
INSERT INTO bd.cliente VALUES('Luisa','016','(55)5555-5555','rua F numero 10');
INSERT INTO bd.cliente VALUES('Claudinei','017','(55)5555-5555','rua F numero 10');
INSERT INTO bd.cliente VALUES('Fabio','018','(55)5555-5555','rua F numero 10');
INSERT INTO bd.cliente VALUES('Ana','019','(55)5555-5555','rua F numero 10');
INSERT INTO bd.cliente VALUES('Carolina','020','(55)5555-5555','rua F numero 10');
INSERT INTO bd.cliente VALUES('Laura','021','(55)5555-5555','rua F numero 10');
INSERT INTO bd.cliente VALUES('Braulio','022','(55)5555-5555','rua F numero 10');
INSERT INTO bd.cliente VALUES('Beliria','023','(55)5555-5555','rua F numero 10');
INSERT INTO bd.cliente VALUES('Americo','024','(55)5555-5555','rua F numero 10');
INSERT INTO bd.cliente VALUES('Augusto','025','(55)5555-5555','rua F numero 10');
INSERT INTO bd.cliente VALUES('Marcelo','026','(55)5555-5555','rua F numero 10');

INSERT INTO bd.funcionarios VALUES('Gustavo','100','(11)1111-1111','rua C numero 0', 0);
INSERT INTO bd.funcionarios VALUES('Ricardo','101','(11)1111-1111','rua E numero 9', 1);
INSERT INTO bd.funcionarios VALUES('Romulo','102','(11)1111-1111','rua F numero 5', 1);
INSERT INTO bd.funcionarios VALUES('Claudio','103','(11)1111-1111','rua G numero 7', 1);
INSERT INTO bd.funcionarios VALUES('Henrique','104','(11)1111-1111','rua H numero 4', 1);
INSERT INTO bd.funcionarios VALUES('Gabriela','105','(11)1111-1111','rua I numero 9', 0);
INSERT INTO bd.funcionarios VALUES('Amina','106','(11)1111-1111','rua I numero 9', 1);
INSERT INTO bd.funcionarios VALUES('Helena','108','(11)1111-1111','rua I numero 9', 1);
INSERT INTO bd.funcionarios VALUES('Filomena','109','(11)1111-1111','rua I numero 9', 0);
INSERT INTO bd.funcionarios VALUES('Fatima','110','(11)1111-1111','rua I numero 9', 1);
INSERT INTO bd.funcionarios VALUES('Neide','111','(11)1111-1111','rua I numero 9', 1);
INSERT INTO bd.funcionarios VALUES('Vinicius','112','(11)1111-1111','rua I numero 9', 1);
INSERT INTO bd.funcionarios VALUES('Aline','113','(11)1111-1111','rua I numero 9', 1);
INSERT INTO bd.funcionarios VALUES('Rachel','114','(11)1111-1111','rua I numero 9', 1);
INSERT INTO bd.funcionarios VALUES('Rafael','115','(11)1111-1111','rua I numero 9', 1);
INSERT INTO bd.funcionarios VALUES('Raimundo','116','(11)1111-1111','rua I numero 9', 1);
INSERT INTO bd.funcionarios VALUES('Alvenir','117','(11)1111-1111','rua I numero 9', 1);

INSERT INTO bd.produto VALUES('pao','11/11/2019','1');
INSERT INTO bd.produto VALUES('leite','10/11/2019','2');
INSERT INTO bd.produto VALUES('Bolo','10/08/2019','3');
INSERT INTO bd.produto VALUES('Carne','22/07/2019','4');
INSERT INTO bd.produto VALUES('Cerveja Lata','22/10/2020','5');
INSERT INTO bd.produto VALUES('Coca Cola 2l','22/07/2020','6');
INSERT INTO bd.produto VALUES('Pepsi 2l','22/04/2020','7');
INSERT INTO bd.produto VALUES('Água Mineral 1,5l','22/07/2018','8');
INSERT INTO bd.produto VALUES('Sprite','20/07/2021','9');
INSERT INTO bd.produto VALUES('Soda','25/08/2019','10');
INSERT INTO bd.produto VALUES('Biscoito','22/12/2019','11');

INSERT INTO bd.estoque VALUES('200',50,'1');
INSERT INTO bd.estoque VALUES('201',350,'2');
INSERT INTO bd.estoque VALUES('202',15,'3');
INSERT INTO bd.estoque VALUES('203',700,'4');
INSERT INTO bd.estoque VALUES('204',1700,'5');
INSERT INTO bd.estoque VALUES('205',1800,'6');
INSERT INTO bd.estoque VALUES('206',1900,'7');
INSERT INTO bd.estoque VALUES('207',3000,'8');
INSERT INTO bd.estoque VALUES('208',1750,'9');
INSERT INTO bd.estoque VALUES('209',1800,'10');
INSERT INTO bd.estoque VALUES('210',4000,'11');

INSERT INTO bd.deposito VALUES('300/0','200');
INSERT INTO bd.deposito VALUES('301/0','201');
INSERT INTO bd.deposito VALUES('300/1','202');
INSERT INTO bd.deposito VALUES('300/2','203');
INSERT INTO bd.deposito VALUES('300/3','204');
INSERT INTO bd.deposito VALUES('300/4','205');
INSERT INTO bd.deposito VALUES('301/1','206');
INSERT INTO bd.deposito VALUES('301/2','207');
INSERT INTO bd.deposito VALUES('301/3','208');
INSERT INTO bd.deposito VALUES('301/4','209');
INSERT INTO bd.deposito VALUES('300/5','210');

INSERT INTO bd.fornecedores VALUES('Padaria mel', '00.000.000/0000-00','00 0000-0000', 'Estrada A, s/n');
INSERT INTO bd.fornecedores VALUES('Acogue do Boi', '10.000.000/1000-00','00 0000-0000', 'Estrada B, s/n');
INSERT INTO bd.fornecedores VALUES('Ambev', '20.000.000/2000-00','00 0000-0000', 'Estrada C, s/n');
INSERT INTO bd.fornecedores VALUES('Coca Cola', '30.000.000/3000-00','00 0000-0000', 'Estrada D, s/n');
INSERT INTO bd.fornecedores VALUES('Pepsi', '40.000.000/4000-00','00 0000-0000', 'Estrada E, s/n');
INSERT INTO bd.fornecedores VALUES('Aymoré', '50.000.000/5000-00','00 0000-0000', 'Estrada F, s/n');
INSERT INTO bd.fornecedores VALUES('Crystal', '60.000.000/6000-00','00 0000-0000', 'Estrada F, s/n');

INSERT INTO bd.gerente VALUES('100');
INSERT INTO bd.gerente VALUES('105');
INSERT INTO bd.gerente VALUES('109');

INSERT INTO bd.vendedor VALUES('101');
INSERT INTO bd.vendedor VALUES('102');
INSERT INTO bd.vendedor VALUES('103');
INSERT INTO bd.vendedor VALUES('104');
INSERT INTO bd.vendedor VALUES('106');
INSERT INTO bd.vendedor VALUES('108');
INSERT INTO bd.vendedor VALUES('110');
INSERT INTO bd.vendedor VALUES('111');
INSERT INTO bd.vendedor VALUES('112');
INSERT INTO bd.vendedor VALUES('113');
INSERT INTO bd.vendedor VALUES('114');
INSERT INTO bd.vendedor VALUES('115');
INSERT INTO bd.vendedor VALUES('116');
INSERT INTO bd.vendedor VALUES('117');

INSERT INTO bd.itemfornecido VALUES('0/0001',10.0, 50, '4','1','00.000.000/0000-00');
INSERT INTO bd.itemfornecido VALUES('0/0002',10.0, 350, '3','2','00.000.000/0000-00');
INSERT INTO bd.itemfornecido VALUES('0/0003',10.0, 15, '3','3','00.000.000/0000-00');
INSERT INTO bd.itemfornecido VALUES('0/0004',10.0, 700, '3','4','10.000.000/1000-00');
INSERT INTO bd.itemfornecido VALUES('0/0005',10.0, 1700, '3','5','20.000.000/2000-00');
INSERT INTO bd.itemfornecido VALUES('0/0006',10.0, 1800, '3','6','30.000.000/3000-00');
INSERT INTO bd.itemfornecido VALUES('0/0007',10.0, 1900, '3','7','40.000.000/4000-00');
INSERT INTO bd.itemfornecido VALUES('0/0008',10.0, 3000, '3','8','60.000.000/6000-00');
INSERT INTO bd.itemfornecido VALUES('0/0009',10.0, 1750, '3','9','30.000.000/3000-00');
INSERT INTO bd.itemfornecido VALUES('0/0010',10.0, 1800, '3','10','20.000.000/2000-00');
INSERT INTO bd.itemfornecido VALUES('0/0011',10.0, 4000, '3','11','50.000.000/5000-00');

INSERT into bd.venda VALUES('00.0/0001',12.0,'09/03/2019 12:00:10', '001', '101');
INSERT into bd.venda VALUES('00.0/0002',8.0,'09/03/2019 10:00:00', '002', '102');
INSERT into bd.venda VALUES('00.0/0003',8.0,'09/03/2019 11:20:16', '003', '103');
INSERT into bd.venda VALUES('00.0/0004',20.0,'09/03/2019 10:00:00', '004', '104');
INSERT into bd.venda VALUES('00.0/0005',20.0,'09/03/2019 10:00:00', '005', '106');
INSERT into bd.venda VALUES('00.0/0006',4.0,'09/03/2019 12:00:10', '006', '108');
INSERT into bd.venda VALUES('00.0/0007',20.0,'09/03/2019 10:00:00', '007', '110');
INSERT into bd.venda VALUES('00.0/0008',8.0,'09/03/2019 10:00:00', '008', '111');
INSERT into bd.venda VALUES('00.0/0009',20.0,'09/03/2019 11:20:16', '009', '112');
INSERT into bd.venda VALUES('00.0/0010',8.0,'04/04/2019 10:00:00', '010', '113');
INSERT into bd.venda VALUES('00.0/0011',4.0,'08/04/2019 12:00:10', '011', '114');
INSERT into bd.venda VALUES('00.0/0012',4.0,'08/04/2019 10:00:00', '012', '115');
INSERT into bd.venda VALUES('00.0/0013',12.0,'08/04/2019 12:00:10', '013', '116');
INSERT into bd.venda VALUES('00.0/0014',8.0,'08/04/2019 10:00:00', '014', '117');
INSERT into bd.venda VALUES('00.0/0015',4.0,'08/04/2019 11:20:16', '015', '101');
INSERT into bd.venda VALUES('00.0/0016',16.0,'08/04/2019 10:00:00', '016', '102');
INSERT into bd.venda VALUES('00.0/0017',28.0,'08/04/2019 10:00:00', '017', '103');
INSERT into bd.venda VALUES('00.0/0018',28.0,'08/04/2019 10:00:00', '018', '104');
INSERT into bd.venda VALUES('00.0/0019',8.0,'08/04/2019 10:00:00', '019', '106');
INSERT into bd.venda VALUES('00.0/0020',28.0,'26/10/2019 11:20:16', '020', '108');
INSERT into bd.venda VALUES('00.0/0021',8.0,'26/10/2019 10:00:00', '021', '110');
INSERT into bd.venda VALUES('00.0/0022',12.0,'26/10/2019 10:00:00', '022', '111');

INSERT into bd.itempedido VALUES('00001',4.0,1,'1','00.0/0001');
INSERT into bd.itempedido VALUES('00002',4.0,1,'2','00.0/0001');
INSERT into bd.itempedido VALUES('00003',4.0,1,'3','00.0/0001');
INSERT into bd.itempedido VALUES('00004',4.0,1,'6','00.0/0002');
INSERT into bd.itempedido VALUES('00005',4.0,1,'11','00.0/0002');
INSERT into bd.itempedido VALUES('00006',4.0,1,'5','00.0/0003');
INSERT into bd.itempedido VALUES('00007',4.0,1,'6','00.0/0003');
INSERT into bd.itempedido VALUES('00008',4.0,1,'5','00.0/0004');
INSERT into bd.itempedido VALUES('00009',4.0,1,'6','00.0/0004');
INSERT into bd.itempedido VALUES('00010',4.0,1,'9','00.0/0004');
INSERT into bd.itempedido VALUES('00011',4.0,1,'7','00.0/0004');
INSERT into bd.itempedido VALUES('00012',4.0,1,'4','00.0/0004');
INSERT into bd.itempedido VALUES('00013',4.0,1,'1','00.0/0005');
INSERT into bd.itempedido VALUES('00014',4.0,1,'2','00.0/0005');
INSERT into bd.itempedido VALUES('00015',4.0,1,'3','00.0/0005');
INSERT into bd.itempedido VALUES('00016',4.0,1,'4','00.0/0005');
INSERT into bd.itempedido VALUES('00017',4.0,1,'5','00.0/0005');
INSERT into bd.itempedido VALUES('00018',4.0,1,'1','00.0/0006');
INSERT into bd.itempedido VALUES('00019',4.0,1,'1','00.0/0007');
INSERT into bd.itempedido VALUES('00020',4.0,1,'2','00.0/0007');
INSERT into bd.itempedido VALUES('00021',4.0,1,'3','00.0/0007');
INSERT into bd.itempedido VALUES('00022',4.0,1,'4','00.0/0007');
INSERT into bd.itempedido VALUES('00023',4.0,1,'5','00.0/0007');
INSERT into bd.itempedido VALUES('00024',4.0,1,'1','00.0/0008');
INSERT into bd.itempedido VALUES('00025',4.0,1,'2','00.0/0008');
INSERT into bd.itempedido VALUES('00026',4.0,1,'1','00.0/0009');
INSERT into bd.itempedido VALUES('00027',4.0,1,'2','00.0/0009');
INSERT into bd.itempedido VALUES('00028',4.0,1,'3','00.0/0009');
INSERT into bd.itempedido VALUES('00029',4.0,1,'4','00.0/0009');
INSERT into bd.itempedido VALUES('00030',4.0,1,'5','00.0/0009');
INSERT into bd.itempedido VALUES('00031',4.0,1,'1','00.0/0010');
INSERT into bd.itempedido VALUES('00032',4.0,1,'2','00.0/0010');
INSERT into bd.itempedido VALUES('00033',4.0,1,'1','00.0/0011');
INSERT into bd.itempedido VALUES('00034',4.0,1,'1','00.0/0012');
INSERT into bd.itempedido VALUES('00035',4.0,1,'1','00.0/0013');
INSERT into bd.itempedido VALUES('00036',4.0,1,'2','00.0/0013');
INSERT into bd.itempedido VALUES('00037',4.0,1,'3','00.0/0013');
INSERT into bd.itempedido VALUES('00038',4.0,1,'1','00.0/0014');
INSERT into bd.itempedido VALUES('00039',4.0,1,'2','00.0/0014');
INSERT into bd.itempedido VALUES('00040',4.0,1,'1','00.0/0015');
INSERT into bd.itempedido VALUES('00041',4.0,1,'1','00.0/0016');
INSERT into bd.itempedido VALUES('00042',4.0,1,'2','00.0/0016');
INSERT into bd.itempedido VALUES('00043',4.0,1,'3','00.0/0016');
INSERT into bd.itempedido VALUES('00044',4.0,1,'4','00.0/0016');
INSERT into bd.itempedido VALUES('00045',4.0,1,'1','00.0/0017');
INSERT into bd.itempedido VALUES('00046',4.0,1,'2','00.0/0017');
INSERT into bd.itempedido VALUES('00047',4.0,1,'3','00.0/0017');
INSERT into bd.itempedido VALUES('00048',4.0,1,'4','00.0/0017');
INSERT into bd.itempedido VALUES('00049',4.0,1,'5','00.0/0017');
INSERT into bd.itempedido VALUES('00050',4.0,1,'6','00.0/0017');
INSERT into bd.itempedido VALUES('00051',4.0,1,'7','00.0/0017');
INSERT into bd.itempedido VALUES('00052',4.0,1,'1','00.0/0018');
INSERT into bd.itempedido VALUES('00053',4.0,1,'2','00.0/0018');
INSERT into bd.itempedido VALUES('00054',4.0,1,'3','00.0/0018');
INSERT into bd.itempedido VALUES('00055',4.0,1,'4','00.0/0018');
INSERT into bd.itempedido VALUES('00056',4.0,1,'5','00.0/0018');
INSERT into bd.itempedido VALUES('00057',4.0,1,'6','00.0/0018');
INSERT into bd.itempedido VALUES('00058',4.0,1,'7','00.0/0018');
INSERT into bd.itempedido VALUES('00059',4.0,1,'1','00.0/0019');
INSERT into bd.itempedido VALUES('00060',4.0,1,'2','00.0/0019');
INSERT into bd.itempedido VALUES('00061',4.0,1,'1','00.0/0020');
INSERT into bd.itempedido VALUES('00062',4.0,1,'2','00.0/0020');
INSERT into bd.itempedido VALUES('00063',4.0,1,'3','00.0/0020');
INSERT into bd.itempedido VALUES('00064',4.0,1,'4','00.0/0020');
INSERT into bd.itempedido VALUES('00065',4.0,1,'5','00.0/0020');
INSERT into bd.itempedido VALUES('00066',4.0,1,'6','00.0/0020');
INSERT into bd.itempedido VALUES('00067',4.0,1,'7','00.0/0020');
INSERT into bd.itempedido VALUES('00068',4.0,1,'1','00.0/0021');
INSERT into bd.itempedido VALUES('00069',4.0,1,'2','00.0/0021');
INSERT into bd.itempedido VALUES('00070',4.0,1,'1','00.0/0022');
INSERT into bd.itempedido VALUES('00071',4.0,1,'2','00.0/0022');
INSERT into bd.itempedido VALUES('00072',4.0,1,'3','00.0/0022');

INSERT INTO bd.setor VALUES('Padaria', '105', 0);
INSERT INTO bd.setor VALUES('Bebidas', '109', 1);
INSERT INTO bd.setor VALUES('Açougue', '100', 0);

INSERT INTO bd.relatorio VALUES('01/0.00','09/02/2019');
INSERT INTO bd.relatorio VALUES('02/0.00','10/03/2019');
INSERT INTO bd.relatorio VALUES('03/0.00','20/04/2019');
INSERT INTO bd.relatorio VALUES('04/0.00','31/05/2019');
INSERT INTO bd.relatorio VALUES('05/0.00','15/06/2019');
INSERT INTO bd.relatorio VALUES('06/0.00','08/07/2019');

INSERT INTO bd.relatoriovenda VALUES('00.0/0001', '01/0.00');
INSERT INTO bd.relatoriovenda VALUES('00.0/0002', '02/0.00');
INSERT INTO bd.relatoriovenda VALUES('00.0/0003', '03/0.00');
INSERT INTO bd.relatoriovenda VALUES('00.0/0004', '04/0.00');
INSERT INTO bd.relatoriovenda VALUES('00.0/0005', '05/0.00');
INSERT INTO bd.relatoriovenda VALUES('00.0/0006', '06/0.00');

INSERT INTO bd.notafiscal VALUES('0000/001','00.0/0001');
INSERT INTO bd.notafiscal VALUES('00003002','00.0/0002');
INSERT INTO bd.notafiscal VALUES('0000/003','00.0/0003');
INSERT INTO bd.notafiscal VALUES('0000/005','00.0/0004');
INSERT INTO bd.notafiscal VALUES('0000/006','00.0/0005');
INSERT INTO bd.notafiscal VALUES('0000/006','00.0/0006');
INSERT INTO bd.notafiscal VALUES('0000/007','00.0/0007');
INSERT INTO bd.notafiscal VALUES('0000/008','00.0/0008');
INSERT INTO bd.notafiscal VALUES('0000/009','00.0/0009');
INSERT INTO bd.notafiscal VALUES('0000/010','00.0/0010');
INSERT INTO bd.notafiscal VALUES('0000/011','00.0/0011');
INSERT INTO bd.notafiscal VALUES('00004012','00.0/0012');
INSERT INTO bd.notafiscal VALUES('0000/013','00.0/0013');
INSERT INTO bd.notafiscal VALUES('0000/014','00.0/0014');
INSERT INTO bd.notafiscal VALUES('0000/015','00.0/0015');
INSERT INTO bd.notafiscal VALUES('0000/016','00.0/0016');
INSERT INTO bd.notafiscal VALUES('0000/017','00.0/0017');
INSERT INTO bd.notafiscal VALUES('0000/018','00.0/0018');
INSERT INTO bd.notafiscal VALUES('0000/019','00.0/0019');
INSERT INTO bd.notafiscal VALUES('0000/020','00.0/0020');
INSERT INTO bd.notafiscal VALUES('0000/021','00.0/0021');
INSERT INTO bd.notafiscal VALUES('00005022','00.0/0022');
